Name,URL,Category,Contact Page,Submission URL,Public Email,Relevance (1-10),Difficulty (1-10),Suggested Target Page,Suggested Anchor Text,Pitch Angle,Priority (1-10),Notes,Verified Status,Final URL,Verify Note,Verdict
Hospitality Net,https://www.hospitalitynet.org,Hospitality publication,https://www.hospitalitynet.org/contact,https://www.hospitalitynet.org/submit,,10,6,https://anchorforhotels.com/,Anchor for Hotels,Contributed opinion piece on missed-call revenue leakage; they accept industry expert columns,10,Verify contact/submission URL and find a named editor email before sending; never use a scraped email list,BLOCKED,,egress policy: host_not_allowed,UNVERIFIED
eHotelier,https://ehotelier.com,Hospitality publication,https://ehotelier.com/contact-us/,https://ehotelier.com/contribute/,,10,6,https://anchorforhotels.com/hotel-answering-service,hotel answering service,Insights article: front desk staffing shortages and phone coverage options,10,Verify contact/submission URL and find a named editor email before sending; never use a scraped email list,BLOCKED,,egress policy: host_not_allowed,UNVERIFIED
Hotel Tech Report,https://hoteltechreport.com,Hotel technology site,https://hoteltechreport.com/about,https://partners.hoteltechreport.com,,10,5,https://anchorforhotels.com/,Anchor for Hotels,Create free vendor profile in Guest Messaging/Voice category; later pursue category content,10,Verify contact/submission URL and find a named editor email before sending; never use a scraped email list,BLOCKED,,egress policy: host_not_allowed,UNVERIFIED
Revfine,https://www.revfine.com,Hotel technology site,https://www.revfine.com/contact/,https://www.revfine.com/write-for-us/,,10,5,https://anchorforhotels.com/missed-call-recovery-hotels,missed call recovery for hotels,Guest article on revenue leakage from unanswered booking calls; they publish vendor experts,10,Verify contact/submission URL and find a named editor email before sending; never use a scraped email list,BLOCKED,,egress policy: host_not_allowed,UNVERIFIED
AAHOA (Allied Membership),https://www.aahoa.com,Hotel owner association,https://www.aahoa.com/contact,https://www.aahoa.com/allied-members,,10,5,https://anchorforhotels.com/,Anchor for Hotels,Join as allied/vendor member -> directory listing + event access; core audience,10,Verify contact/submission URL and find a named editor email before sending; never use a scraped email list,BLOCKED,,egress policy: host_not_allowed,UNVERIFIED
Google Business Profile,https://business.google.com,Local directory,https://support.google.com/business,https://business.google.com/create,,10,1,https://anchorforhotels.com/,Anchor for Hotels,Claim + fully populate; copy in local_seo_profiles.md,10,Verify contact/submission URL and find a named editor email before sending; never use a scraped email list,BLOCKED,,egress policy: host_not_allowed,UNVERIFIED
G2,https://www.g2.com,SaaS review directory,https://www.g2.com/contact,https://www.g2.com/products/new,,9,3,https://anchorforhotels.com/,Anchor for Hotels,Create profile in AI Voice/Answering Service category; collect first reviews,10,Verify contact/submission URL and find a named editor email before sending; never use a scraped email list,BLOCKED,,egress policy: host_not_allowed,UNVERIFIED
Capterra,https://www.capterra.com,SaaS directory,https://www.capterra.com/contact/,https://www.capterra.com/vendors/sign-up,,9,3,https://anchorforhotels.com/,anchorforhotels.com,Free vendor listing; Hospitality + Call Center categories,10,Verify contact/submission URL and find a named editor email before sending; never use a scraped email list,BLOCKED,,egress policy: host_not_allowed,UNVERIFIED
Today's Hotelier (AAHOA),https://www.todayshotelier.com,Hospitality publication,https://www.todayshotelier.com,,,10,7,https://anchorforhotels.com/,Anchor for Hotels,Perfect audience (owner-operators); pitch bylined article on overnight coverage,9,Verify contact/submission URL and find a named editor email before sending; never use a scraped email list,BLOCKED,,egress policy: host_not_allowed,UNVERIFIED
Asian Hospitality,https://www.asianhospitality.com,Hospitality publication,https://www.asianhospitality.com/contact/,,,10,6,https://anchorforhotels.com/overnight-hotel-call-answering,overnight hotel call answering,Audience = AAHOA-segment owner-operators; pitch missed-call economics story,9,Verify contact/submission URL and find a named editor email before sending; never use a scraped email list,BLOCKED,,egress policy: host_not_allowed,UNVERIFIED
Hotel Speak,https://www.hotelspeak.com,Hotel marketing blog,https://www.hotelspeak.com/contact/,https://www.hotelspeak.com/contribute/,,9,4,https://anchorforhotels.com/hotel-answering-service,hotel phone answering,Practical guest post: the phone is still a top direct booking channel,9,Verify contact/submission URL and find a named editor email before sending; never use a scraped email list,BLOCKED,,egress policy: host_not_allowed,UNVERIFIED
HotelMinder,https://www.hotelminder.com,Hotel management site,https://www.hotelminder.com/contact,https://www.hotelminder.com/partners,,9,4,https://anchorforhotels.com/,Anchor for Hotels,List in marketplace + contribute an expert article,9,Verify contact/submission URL and find a named editor email before sending; never use a scraped email list,BLOCKED,,egress policy: host_not_allowed,UNVERIFIED
Lodging Leaders Podcast,https://lodgingleaders.com,Podcast,https://lodgingleaders.com/contact/,,,9,5,https://anchorforhotels.com/,Anchor for Hotels,Hotel investment/ops audience; pitch missed-call economics episode,9,Verify contact/submission URL and find a named editor email before sending; never use a scraped email list,BLOCKED,,egress policy: host_not_allowed,UNVERIFIED
Huntsville/Madison County Chamber,https://hsvchamber.org,Chamber of commerce,https://hsvchamber.org/contact/,https://hsvchamber.org/membership/,,8,3,https://anchorforhotels.com/,Anchor for Hotels,Join chamber -> member directory link + local press opportunities,9,Verify contact/submission URL and find a named editor email before sending; never use a scraped email list,BLOCKED,,egress policy: host_not_allowed,UNVERIFIED
GetApp,https://www.getapp.com,SaaS directory,https://www.getapp.com/contact/,https://www.gartnerdigitalmarkets.com,,8,3,https://anchorforhotels.com/,Anchor for Hotels,Auto-syndicates from Gartner Digital Markets vendor account,9,Verify contact/submission URL and find a named editor email before sending; never use a scraped email list,BLOCKED,,egress policy: host_not_allowed,UNVERIFIED
Software Advice,https://www.softwareadvice.com,SaaS directory,https://www.softwareadvice.com/contact/,https://www.gartnerdigitalmarkets.com,,8,3,https://anchorforhotels.com/,Anchor for Hotels,Same Gartner vendor portal as Capterra/GetApp,9,Verify contact/submission URL and find a named editor email before sending; never use a scraped email list,BLOCKED,,egress policy: host_not_allowed,UNVERIFIED
Product Hunt,https://www.producthunt.com,Launch platform,https://www.producthunt.com/about,https://www.producthunt.com/posts/new,,8,4,https://anchorforhotels.com/,Anchor for Hotels,Launch 'Ava — AI front desk phone agent for hotels'; drives links + signups,9,Verify contact/submission URL and find a named editor email before sending; never use a scraped email list,BLOCKED,,egress policy: host_not_allowed,UNVERIFIED
Crunchbase,https://www.crunchbase.com,Company database,https://about.crunchbase.com/contact-us/,https://www.crunchbase.com/add-new,,8,2,https://anchorforhotels.com/,Anchor for Hotels,Authoritative company profile; cited by press and AI engines,9,Verify contact/submission URL and find a named editor email before sending; never use a scraped email list,BLOCKED,,egress policy: host_not_allowed,UNVERIFIED
There's An AI For That,https://theresanaiforthat.com,AI directory,https://theresanaiforthat.com/contact/,https://theresanaiforthat.com/submit/,,8,3,https://anchorforhotels.com/hotel-ai-agent.html,AI phone agent for hotels,High-traffic AI directory; submit under voice/phone agents,9,Verify contact/submission URL and find a named editor email before sending; never use a scraped email list,BLOCKED,,egress policy: host_not_allowed,UNVERIFIED
Bing Places,https://www.bingplaces.com,Local directory,https://www.bingplaces.com,https://www.bingplaces.com,,8,1,https://anchorforhotels.com/,Anchor for Hotels,Import from GBP,9,Verify contact/submission URL and find a named editor email before sending; never use a scraped email list,BLOCKED,,egress policy: host_not_allowed,UNVERIFIED
Apple Business Connect,https://businessconnect.apple.com,Local directory,https://businessconnect.apple.com,https://businessconnect.apple.com,,8,1,https://anchorforhotels.com/,Anchor for Hotels,Claim listing for Apple Maps,9,Verify contact/submission URL and find a named editor email before sending; never use a scraped email list,BLOCKED,,egress policy: host_not_allowed,UNVERIFIED
Hotel News Resource,https://www.hotelnewsresource.com,Hospitality publication,https://www.hotelnewsresource.com/contact.html,https://www.hotelnewsresource.com,,8,5,https://anchorforhotels.com/,Anchor for Hotels,Press release distribution + founder byline opportunity,8,Verify contact/submission URL and find a named editor email before sending; never use a scraped email list,BLOCKED,,egress policy: host_not_allowed,UNVERIFIED
Hotel Online,https://www.hotel-online.com,Hospitality publication,https://www.hotel-online.com/contact/,https://www.hotel-online.com/press-releases/,,8,5,https://anchorforhotels.com/,anchorforhotels.com,Submit launch/news releases; pitch trends piece on AI phone agents,8,Verify contact/submission URL and find a named editor email before sending; never use a scraped email list,BLOCKED,,egress policy: host_not_allowed,UNVERIFIED
Hotel Executive,https://www.hotelexecutive.com,Hospitality publication,https://www.hotelexecutive.com/contact,https://www.hotelexecutive.com/author_guidelines,,8,6,https://anchorforhotels.com/hotel-front-desk-overflow.html,front desk overflow support,They run bylined exec articles with bio links; pitch front desk ops piece,8,Verify contact/submission URL and find a named editor email before sending; never use a scraped email list,BLOCKED,,egress policy: host_not_allowed,UNVERIFIED
4Hoteliers,https://www.4hoteliers.com,Hospitality publication,https://www.4hoteliers.com/contact-us,https://www.4hoteliers.com/submit-articles,,8,4,https://anchorforhotels.com/missed-call-recovery-hotels,hotel missed call recovery,Accepts contributed articles with author bio + link,8,Verify contact/submission URL and find a named editor email before sending; never use a scraped email list,BLOCKED,,egress policy: host_not_allowed,UNVERIFIED
Alabama Restaurant & Hospitality Assn,https://alabamahospitality.org,State hospitality association,https://alabamahospitality.org/contact/,,,8,4,https://anchorforhotels.com/,Anchor for Hotels,Home-state association; allied member directory + newsletter,8,Verify contact/submission URL and find a named editor email before sending; never use a scraped email list,ERR,,ConnectionError,UNVERIFIED
Starter Story,https://www.starterstory.com,Founder interviews,https://www.starterstory.com/contact,https://www.starterstory.com/share-your-story,,8,4,https://anchorforhotels.com/,Anchor for Hotels,Founder interview: building an AI phone agent for hotels; strong DR link,8,Verify contact/submission URL and find a named editor email before sending; never use a scraped email list,BLOCKED,,egress policy: host_not_allowed,UNVERIFIED
Hospitality Daily (Josiah Mackenzie),https://www.hospitalitydaily.com,Podcast,https://www.hospitalitydaily.com,,,8,5,https://anchorforhotels.com/,Anchor for Hotels,Short-form daily show; founder lessons on guest communication,8,Verify contact/submission URL and find a named editor email before sending; never use a scraped email list,BLOCKED,,egress policy: host_not_allowed,UNVERIFIED
The Modern Hotelier,https://www.themodernhotelier.com,Podcast,https://www.themodernhotelier.com/contact,,,8,5,https://anchorforhotels.com/,Anchor for Hotels,Actively books hotel tech founders,8,Verify contact/submission URL and find a named editor email before sending; never use a scraped email list,BLOCKED,,egress policy: host_not_allowed,UNVERIFIED
Social Hospitality,https://socialhospitality.com,Hospitality blog,https://socialhospitality.com/contact/,https://socialhospitality.com/write-for-us/,,7,4,https://anchorforhotels.com/overnight-hotel-call-answering,after-hours hotel answering,Established write-for-us program; pitch guest service tech piece,8,Verify contact/submission URL and find a named editor email before sending; never use a scraped email list,BLOCKED,,egress policy: host_not_allowed,UNVERIFIED
TrustRadius,https://www.trustradius.com,SaaS review directory,https://www.trustradius.com/contact,https://www.trustradius.com/vendors,,7,3,https://anchorforhotels.com/,Anchor for Hotels,Free vendor profile + review collection,8,Verify contact/submission URL and find a named editor email before sending; never use a scraped email list,BLOCKED,,egress policy: host_not_allowed,UNVERIFIED
SaaSworthy,https://www.saasworthy.com,SaaS directory,https://www.saasworthy.com/contact,https://www.saasworthy.com/claim-product,,7,2,https://anchorforhotels.com/,AI phone answering for hotels,Submit/claim listing,8,Verify contact/submission URL and find a named editor email before sending; never use a scraped email list,BLOCKED,,egress policy: host_not_allowed,UNVERIFIED
SaaSHub,https://www.saashub.com,SaaS directory,https://www.saashub.com/contact,https://www.saashub.com/submit-service,,7,2,https://anchorforhotels.com/,hotel answering service software,Free submission; alternatives pages drive referrals,8,Verify contact/submission URL and find a named editor email before sending; never use a scraped email list,BLOCKED,,egress policy: host_not_allowed,UNVERIFIED
AlternativeTo,https://alternativeto.net,Software directory,https://alternativeto.net/contact/,https://alternativeto.net/manage-item/,,7,2,https://anchorforhotels.com/,Anchor for Hotels,Add as alternative to answering services and AI receptionists,8,Verify contact/submission URL and find a named editor email before sending; never use a scraped email list,BLOCKED,,egress policy: host_not_allowed,UNVERIFIED
Futurepedia,https://www.futurepedia.io,AI directory,https://www.futurepedia.io/contact,https://www.futurepedia.io/submit-tool,,7,3,https://anchorforhotels.com/hotel-ai-agent.html,hotel AI agent,Submit tool listing,8,Verify contact/submission URL and find a named editor email before sending; never use a scraped email list,BLOCKED,,egress policy: host_not_allowed,UNVERIFIED
IdeaMensch,https://ideamensch.com,Founder interviews,https://ideamensch.com/contact/,https://ideamensch.com/interview/,,7,2,https://anchorforhotels.com/,Anchor for Hotels,Standard founder Q&A with company link,8,Verify contact/submission URL and find a named editor email before sending; never use a scraped email list,BLOCKED,,egress policy: host_not_allowed,UNVERIFIED
Hotel Management (Questex),https://www.hotelmanagement.net,Hospitality publication,https://www.hotelmanagement.net/contact-us,,,9,8,https://anchorforhotels.com/,Anchor for Hotels,Source commentary for tech/labor stories; respond to journalist queries,7,Verify contact/submission URL and find a named editor email before sending; never use a scraped email list,BLOCKED,,egress policy: host_not_allowed,UNVERIFIED
Lodging Magazine,https://lodgingmagazine.com,Hospitality publication (AHLA),https://lodgingmagazine.com/contact-us/,,,9,7,https://anchorforhotels.com/,Anchor for Hotels,Pitch tech-trends contributed piece; AHLA audience of operators,7,Verify contact/submission URL and find a named editor email before sending; never use a scraped email list,BLOCKED,,egress policy: host_not_allowed,UNVERIFIED
No Vacancy with Glenn Haussman,https://novacancynews.com,Podcast,https://novacancynews.com/contact/,,,9,7,https://anchorforhotels.com/,Anchor for Hotels,Top hospitality show; pitch AI front desk debate angle,7,Verify contact/submission URL and find a named editor email before sending; never use a scraped email list,BLOCKED,,egress policy: host_not_allowed,UNVERIFIED
Hotel Business,https://www.hotelbusiness.com,Hospitality publication,https://www.hotelbusiness.com/contact/,,,8,7,https://anchorforhotels.com/,Anchor for Hotels,Founder commentary on labor shortage tech; product news section,7,Verify contact/submission URL and find a named editor email before sending; never use a scraped email list,BLOCKED,,egress policy: host_not_allowed,UNVERIFIED
Hospitality Technology (HT),https://hospitalitytech.com,Hospitality tech publication,https://hospitalitytech.com/contact-us,,,8,7,https://anchorforhotels.com/hotel-ai-agent.html,AI phone agent for hotels,Contributed thought leadership on voice AI in hotels,7,Verify contact/submission URL and find a named editor email before sending; never use a scraped email list,BLOCKED,,egress policy: host_not_allowed,UNVERIFIED
Insider Perks (blog/podcast),https://insiderperks.com,Hospitality AI media,https://insiderperks.com/contact/,,,8,4,https://anchorforhotels.com/hotel-ai-agent.html,AI receptionist for hotels,Brian Searl covers AI in hospitality/outdoor lodging; pitch interview,7,Verify contact/submission URL and find a named editor email before sending; never use a scraped email list,BLOCKED,,egress policy: host_not_allowed,UNVERIFIED
HotelTechReport Buyer Guides,https://hoteltechreport.com/guides,Resource page,https://hoteltechreport.com/about,,,8,6,https://anchorforhotels.com/,Anchor for Hotels,Get included in voice/communication buyer guides,7,Verify contact/submission URL and find a named editor email before sending; never use a scraped email list,BLOCKED,,egress policy: host_not_allowed,UNVERIFIED
Are Morch — Hotel Blogger,https://aremorch.com,Hotel blog,https://aremorch.com/contact/,,,7,4,https://anchorforhotels.com/hotel-answering-service,hotel answering service,"Accepts guest posts on hotel digital transformation; warm, founder-friendly",7,Verify contact/submission URL and find a named editor email before sending; never use a scraped email list,BLOCKED,,egress policy: host_not_allowed,UNVERIFIED
Huntsville Business Journal,https://huntsvillebusinessjournal.com,Local business press,https://huntsvillebusinessjournal.com/contact/,,,7,5,https://anchorforhotels.com/,Anchor for Hotels,Local founder story: Huntsville startup tackles hotel labor gap,7,Verify contact/submission URL and find a named editor email before sending; never use a scraped email list,BLOCKED,,egress policy: host_not_allowed,UNVERIFIED
Indie Hackers,https://www.indiehackers.com,Founder community,https://www.indiehackers.com/contact,https://www.indiehackers.com/products,,7,2,https://anchorforhotels.com/,Anchor for Hotels,Product page + build-in-public posts; interview potential,7,Verify contact/submission URL and find a named editor email before sending; never use a scraped email list,BLOCKED,,egress policy: host_not_allowed,UNVERIFIED
Future Tools,https://www.futuretools.io,AI directory,https://www.futuretools.io,https://www.futuretools.io/submit-a-tool,,7,3,https://anchorforhotels.com/hotel-ai-agent.html,AI receptionist,Matt Wolfe's directory; submission reviewed manually,7,Verify contact/submission URL and find a named editor email before sending; never use a scraped email list,BLOCKED,,egress policy: host_not_allowed,UNVERIFIED
Yelp for Business,https://business.yelp.com,Local directory,https://business.yelp.com/support/,https://biz.yelp.com/signup,,7,2,https://anchorforhotels.com/,Anchor for Hotels,B2B services category listing,7,Verify contact/submission URL and find a named editor email before sending; never use a scraped email list,BLOCKED,,egress policy: host_not_allowed,UNVERIFIED
Alignable,https://www.alignable.com,SMB network,https://www.alignable.com,https://www.alignable.com/businesses/new,,7,2,https://anchorforhotels.com/,Anchor for Hotels,Local B2B networking + profile link; hotel owners are active here,7,Verify contact/submission URL and find a named editor email before sending; never use a scraped email list,BLOCKED,,egress policy: host_not_allowed,UNVERIFIED
Slick Talk: The Hospitality Podcast,https://slicktalkpodcast.com,Podcast,https://slicktalkpodcast.com,,,7,4,https://anchorforhotels.com/,Anchor for Hotels,Hospitality ops + tech; guest-friendly,7,Verify contact/submission URL and find a named editor email before sending; never use a scraped email list,ERR,,ConnectionError,UNVERIFIED
Hotel Tech Insider,https://www.hoteltechinsider.com,Podcast,https://www.hoteltechinsider.com,,,7,4,https://anchorforhotels.com/hotel-ai-agent.html,AI phone agent for hotels,Hotel tech founder interviews,7,Verify contact/submission URL and find a named editor email before sending; never use a scraped email list,ERR,,ConnectionError,UNVERIFIED
LinkedIn Articles (Kenny Patel),https://www.linkedin.com/in/anchorforhotels/,Owned social,,,,7,1,https://anchorforhotels.com/,Anchor for Hotels,Republish blog posts as LI articles; consistent profile links,7,Verify contact/submission URL and find a named editor email before sending; never use a scraped email list,BLOCKED,,egress policy: host_not_allowed,UNVERIFIED
Hotel Dive,https://www.hoteldive.com,Hospitality publication,https://www.hoteldive.com/about/,,,8,8,https://anchorforhotels.com/,Anchor for Hotels,Expert source for AI-in-operations coverage; press list,6,Verify contact/submission URL and find a named editor email before sending; never use a scraped email list,BLOCKED,,egress policy: host_not_allowed,UNVERIFIED
AHLA (Partner programs),https://www.ahla.com,Hotel association,https://www.ahla.com/contact,,,8,7,https://anchorforhotels.com/,Anchor for Hotels,Associate membership directory listing,6,Verify contact/submission URL and find a named editor email before sending; never use a scraped email list,BLOCKED,,egress policy: host_not_allowed,UNVERIFIED
Asian American Hotel Owners local chapters (events),https://www.aahoa.com/events,Events/regional,https://www.aahoa.com/contact,,,8,4,https://anchorforhotels.com/,Anchor for Hotels,Regional conference sponsorships -> event pages link sponsors,6,Verify contact/submission URL and find a named editor email before sending; never use a scraped email list,BLOCKED,,egress policy: host_not_allowed,UNVERIFIED
PhocusWire,https://www.phocuswire.com,Travel tech publication,https://www.phocuswire.com/contact,,,7,8,https://anchorforhotels.com/,Anchor for Hotels,Startup spotlight section profiles early-stage travel tech,6,Verify contact/submission URL and find a named editor email before sending; never use a scraped email list,BLOCKED,,egress policy: host_not_allowed,UNVERIFIED
Boutique Hotelier,https://www.boutiquehotelier.com,Hospitality publication,https://www.boutiquehotelier.com/contact/,,,7,6,https://anchorforhotels.com/phone-coverage-boutique-hotels,boutique hotel phone coverage,Pitch piece on small-property service consistency,6,Verify contact/submission URL and find a named editor email before sending; never use a scraped email list,BLOCKED,,egress policy: host_not_allowed,UNVERIFIED
Hospitality Upgrade,https://www.hospitalityupgrade.com,Hospitality tech publication,https://www.hospitalityupgrade.com/contact/,,,7,7,https://anchorforhotels.com/hotel-ai-agent.html,hotel AI agent,Tech-buyer audience; pitch voice AI explainer,6,Verify contact/submission URL and find a named editor email before sending; never use a scraped email list,BLOCKED,,egress policy: host_not_allowed,UNVERIFIED
BLLA (Boutique Lifestyle Lodging Assn),https://www.blla.org,Boutique hotel association,https://www.blla.org/contact,,,7,5,https://anchorforhotels.com/phone-coverage-boutique-hotels,boutique hotel answering service,Vendor membership + supplier directory,6,Verify contact/submission URL and find a named editor email before sending; never use a scraped email list,BLOCKED,,egress policy: host_not_allowed,UNVERIFIED
Texas Hotel & Lodging Association,https://www.texaslodging.com,State lodging association,https://www.texaslodging.com/contact/,,,7,5,https://anchorforhotels.com/,Anchor for Hotels,Largest state association; allied member listing,6,Verify contact/submission URL and find a named editor email before sending; never use a scraped email list,BLOCKED,,egress policy: host_not_allowed,UNVERIFIED
New Jersey Restaurant & Hospitality Assn,https://www.njrha.org,State hospitality association,https://www.njrha.org/contact,,,7,4,https://anchorforhotels.com/,Anchor for Hotels,NJ footprint; allied/vendor member listing,6,Verify contact/submission URL and find a named editor email before sending; never use a scraped email list,BLOCKED,,egress policy: host_not_allowed,UNVERIFIED
Better Business Bureau,https://www.bbb.org,Business directory,https://www.bbb.org/contact-us,https://www.bbb.org/get-accredited,,7,4,https://anchorforhotels.com/,Anchor for Hotels,Profile (accreditation optional); strong trust signal,6,Verify contact/submission URL and find a named editor email before sending; never use a scraped email list,BLOCKED,,egress policy: host_not_allowed,UNVERIFIED
Hotel Moment (Revinate),https://www.revinate.com/hotel-moment-podcast/,Podcast,https://www.revinate.com/contact/,,,7,6,https://anchorforhotels.com/,Anchor for Hotels,Hotel tech leadership audience,6,Verify contact/submission URL and find a named editor email before sending; never use a scraped email list,BLOCKED,,egress policy: host_not_allowed,UNVERIFIED
Suite Spot (Travel Media Group),https://www.travelmediagroup.com/suite-spot/,Podcast,https://www.travelmediagroup.com/contact/,,,7,5,https://anchorforhotels.com/,Anchor for Hotels,Hotelier marketing/ops audience,6,Verify contact/submission URL and find a named editor email before sending; never use a scraped email list,BLOCKED,,egress policy: host_not_allowed,UNVERIFIED
Good Morning Hospitality,https://www.goodmorninghospitality.com,Podcast,https://www.goodmorninghospitality.com,,,7,6,https://anchorforhotels.com/,Anchor for Hotels,Live industry show; AI segment pitch,6,Verify contact/submission URL and find a named editor email before sending; never use a scraped email list,BLOCKED,,egress policy: host_not_allowed,UNVERIFIED
The Proven Principles Podcast,https://knowinghospitality.com/podcast,Podcast,https://knowinghospitality.com/contact,,,7,4,https://anchorforhotels.com/,Anchor for Hotels,Hotel ops fundamentals audience,6,Verify contact/submission URL and find a named editor email before sending; never use a scraped email list,BLOCKED,,egress policy: host_not_allowed,UNVERIFIED
FinancesOnline,https://financesonline.com,SaaS directory,https://financesonline.com/contact-us/,https://financesonline.com/add-your-product/,,6,3,https://anchorforhotels.com/,Anchor for Hotels,Submit product for review/listing,6,Verify contact/submission URL and find a named editor email before sending; never use a scraped email list,BLOCKED,,egress policy: host_not_allowed,UNVERIFIED
SoftwareSuggest,https://www.softwaresuggest.com,SaaS directory,https://www.softwaresuggest.com/contact-us,https://www.softwaresuggest.com/vendors,,6,3,https://anchorforhotels.com/,hotel call answering software,Free basic vendor listing,6,Verify contact/submission URL and find a named editor email before sending; never use a scraped email list,BLOCKED,,egress policy: host_not_allowed,UNVERIFIED
Tekpon,https://tekpon.com,SaaS directory,https://tekpon.com/contact/,https://tekpon.com/get-listed/,,6,2,https://anchorforhotels.com/,Anchor for Hotels,Free listing + categories for AI/communication,6,Verify contact/submission URL and find a named editor email before sending; never use a scraped email list,BLOCKED,,egress policy: host_not_allowed,UNVERIFIED
BetaList,https://betalist.com,Startup directory,https://betalist.com/contact,https://betalist.com/submit,,6,3,https://anchorforhotels.com/,Anchor for Hotels,Pre-launch/startup listing,6,Verify contact/submission URL and find a named editor email before sending; never use a scraped email list,BLOCKED,,egress policy: host_not_allowed,UNVERIFIED
F6S,https://www.f6s.com,Startup platform,https://www.f6s.com/contact,https://www.f6s.com,,6,2,https://anchorforhotels.com/,Anchor for Hotels,Company profile; investor/program visibility,6,Verify contact/submission URL and find a named editor email before sending; never use a scraped email list,BLOCKED,,egress policy: host_not_allowed,UNVERIFIED
Wellfound (AngelList),https://wellfound.com,Startup platform,https://wellfound.com/contact,https://wellfound.com/company/new,,6,2,https://anchorforhotels.com/,Anchor for Hotels,Company profile + hiring page,6,Verify contact/submission URL and find a named editor email before sending; never use a scraped email list,BLOCKED,,egress policy: host_not_allowed,UNVERIFIED
Toolify.ai,https://www.toolify.ai,AI directory,https://www.toolify.ai,https://www.toolify.ai/submit,,6,2,https://anchorforhotels.com/hotel-ai-agent.html,AI phone answering,Large AI directory; free + paid options,6,Verify contact/submission URL and find a named editor email before sending; never use a scraped email list,BLOCKED,,egress policy: host_not_allowed,UNVERIFIED
TopAI.tools,https://topai.tools,AI directory,https://topai.tools,https://topai.tools/submit,,6,2,https://anchorforhotels.com/hotel-ai-agent.html,AI answering service,Free submission,6,Verify contact/submission URL and find a named editor email before sending; never use a scraped email list,BLOCKED,,egress policy: host_not_allowed,UNVERIFIED
Hackernoon,https://hackernoon.com,Tech publication,https://hackernoon.com/about,https://app.hackernoon.com,,6,3,https://anchorforhotels.com/,Anchor for Hotels,Publish founder/technical essays with profile link,6,Verify contact/submission URL and find a named editor email before sending; never use a scraped email list,BLOCKED,,egress policy: host_not_allowed,UNVERIFIED
Clutch.co,https://clutch.co,B2B services directory,https://clutch.co/contact,https://clutch.co/get-listed,,6,3,https://anchorforhotels.com/,Anchor for Hotels,B2B service profile; review collection,6,Verify contact/submission URL and find a named editor email before sending; never use a scraped email list,BLOCKED,,egress policy: host_not_allowed,UNVERIFIED
Help a B2B Writer,https://helpab2bwriter.com,Journalist queries,https://helpab2bwriter.com,https://helpab2bwriter.com/source,,6,3,https://anchorforhotels.com/,Anchor for Hotels,Respond to hospitality/SMB queries for expert quotes + links,6,Verify contact/submission URL and find a named editor email before sending; never use a scraped email list,BLOCKED,,egress policy: host_not_allowed,UNVERIFIED
Qwoted,https://www.qwoted.com,Journalist queries,https://www.qwoted.com,https://app.qwoted.com/sign_up,,6,3,https://anchorforhotels.com/,Anchor for Hotels,Register as hospitality-tech expert source,6,Verify contact/submission URL and find a named editor email before sending; never use a scraped email list,BLOCKED,,egress policy: host_not_allowed,UNVERIFIED
Featured.com (ex-Terkel),https://featured.com,Expert quote platform,https://featured.com,https://featured.com/experts,,6,3,https://anchorforhotels.com/,Anchor for Hotels,Answer prompts -> quoted with link in publisher articles,6,Verify contact/submission URL and find a named editor email before sending; never use a scraped email list,BLOCKED,,egress policy: host_not_allowed,UNVERIFIED
HOTELS Magazine,https://www.hotelsmag.com,Hospitality publication,https://www.hotelsmag.com/contact-us/,,,7,8,https://anchorforhotels.com/,Anchor for Hotels,Source commentary; tech briefs,5,Verify contact/submission URL and find a named editor email before sending; never use a scraped email list,BLOCKED,,egress policy: host_not_allowed,UNVERIFIED
Hospitality Net World Panel,https://www.hospitalitynet.org/panel,Expert panel,https://www.hospitalitynet.org/contact,,,7,7,https://anchorforhotels.com/,Anchor for Hotels,Apply as panel expert on guest experience/technology,5,Verify contact/submission URL and find a named editor email before sending; never use a scraped email list,BLOCKED,,egress policy: host_not_allowed,UNVERIFIED
HFTP,https://www.hftp.org,Hospitality finance/tech association,https://www.hftp.org/about/contact/,,,7,6,https://anchorforhotels.com/,Anchor for Hotels,Vendor membership + HITEC presence; blog contributions,5,Verify contact/submission URL and find a named editor email before sending; never use a scraped email list,BLOCKED,,egress policy: host_not_allowed,UNVERIFIED
Florida Restaurant & Lodging Assn,https://frla.org,State lodging association,https://frla.org/contact-us/,,,7,5,https://anchorforhotels.com/,Anchor for Hotels,Allied member directory,5,Verify contact/submission URL and find a named editor email before sending; never use a scraped email list,BLOCKED,,egress policy: host_not_allowed,UNVERIFIED
Hotel Owner (UK),https://www.hotelowner.co.uk,Hospitality publication,https://www.hotelowner.co.uk/contact/,,,6,6,https://anchorforhotels.com/hotel-answering-service,hotel answering service,Independent-hotel audience; contributed ops article,5,Verify contact/submission URL and find a named editor email before sending; never use a scraped email list,BLOCKED,,egress policy: host_not_allowed,UNVERIFIED
Hospitality.today,https://hospitality.today,Hospitality newsletter,https://hospitality.today,,,6,5,https://anchorforhotels.com/,Anchor for Hotels,Submit news/launch items for curation,5,Verify contact/submission URL and find a named editor email before sending; never use a scraped email list,BLOCKED,,egress policy: host_not_allowed,UNVERIFIED
Travel Daily News,https://www.traveldailynews.com,Travel publication,https://www.traveldailynews.com/contact/,,,6,5,https://anchorforhotels.com/,anchorforhotels.com,Column submissions + press releases accepted,5,Verify contact/submission URL and find a named editor email before sending; never use a scraped email list,BLOCKED,,egress policy: host_not_allowed,UNVERIFIED
Hotelogix Blog,https://www.hotelogix.com/blog/,Hotel PMS vendor blog,https://www.hotelogix.com/contact-us.php,,,6,5,https://anchorforhotels.com/hotel-front-desk-overflow.html,front desk overflow,They accept guest contributions on hotel ops,5,Verify contact/submission URL and find a named editor email before sending; never use a scraped email list,BLOCKED,,egress policy: host_not_allowed,UNVERIFIED
Hospitality Insights (EHL),https://hospitalityinsights.ehl.edu,Hospitality education blog,https://www.ehl.edu/en/contact,,,6,8,https://anchorforhotels.com/,Anchor for Hotels,High-authority .edu-adjacent; pitch AI-in-service research angle,5,Verify contact/submission URL and find a named editor email before sending; never use a scraped email list,BLOCKED,,egress policy: host_not_allowed,UNVERIFIED
HSMAI,https://www.hsmai.org,Hospitality sales/marketing association,https://www.hsmai.org/contact/,,,6,6,https://anchorforhotels.com/,Anchor for Hotels,Partner membership; revenue-focused content fits missed-call angle,5,Verify contact/submission URL and find a named editor email before sending; never use a scraped email list,BLOCKED,,egress policy: host_not_allowed,UNVERIFIED
California Hotel & Lodging Assn,https://calodging.com,State lodging association,https://calodging.com/contact/,,,6,5,https://anchorforhotels.com/,Anchor for Hotels,Allied member directory,5,Verify contact/submission URL and find a named editor email before sending; never use a scraped email list,BLOCKED,,egress policy: host_not_allowed,UNVERIFIED
Georgia Hotel & Lodging Assn,https://www.ghla.net,State lodging association,https://www.ghla.net/contact,,,6,4,https://anchorforhotels.com/,Anchor for Hotels,Allied member directory; Southeast footprint,5,Verify contact/submission URL and find a named editor email before sending; never use a scraped email list,BLOCKED,,egress policy: host_not_allowed,UNVERIFIED
Tennessee Hospitality & Tourism Assn,https://www.tnhospitality.net,State hospitality association,https://www.tnhospitality.net/contact,,,6,4,https://anchorforhotels.com/,Anchor for Hotels,Neighboring-state allied membership,5,Verify contact/submission URL and find a named editor email before sending; never use a scraped email list,BLOCKED,,egress policy: host_not_allowed,UNVERIFIED
Huntsville/Madison County CVB,https://www.huntsville.org,Tourism bureau,https://www.huntsville.org/contact/,,,6,4,https://anchorforhotels.com/,Anchor for Hotels,Hospitality partner ecosystem; vendor visibility with local hotels,5,Verify contact/submission URL and find a named editor email before sending; never use a scraped email list,BLOCKED,,egress policy: host_not_allowed,UNVERIFIED
Decatur-Morgan County Chamber,https://www.dcc.org,Chamber of commerce,https://www.dcc.org/contact,,,6,3,https://anchorforhotels.com/,Anchor for Hotels,Secondary local chamber listing,5,Verify contact/submission URL and find a named editor email before sending; never use a scraped email list,BLOCKED,,egress policy: host_not_allowed,UNVERIFIED
Alabama Launchpad / EDPA,https://alabamalaunchpad.com,Startup ecosystem (AL),https://alabamalaunchpad.com/contact/,,,6,4,https://anchorforhotels.com/,Anchor for Hotels,State startup competition/ecosystem profile + news,5,Verify contact/submission URL and find a named editor email before sending; never use a scraped email list,BLOCKED,,egress policy: host_not_allowed,UNVERIFIED
Innovate Alabama,https://innovatealabama.org,Startup ecosystem (AL),https://innovatealabama.org/contact/,,,6,4,https://anchorforhotels.com/,Anchor for Hotels,State innovation directory and programs,5,Verify contact/submission URL and find a named editor email before sending; never use a scraped email list,BLOCKED,,egress policy: host_not_allowed,UNVERIFIED
New Jersey Chamber of Commerce,https://njchamber.com,Chamber of commerce,https://njchamber.com/contact,,,6,4,https://anchorforhotels.com/,Anchor for Hotels,NJ member directory listing,5,Verify contact/submission URL and find a named editor email before sending; never use a scraped email list,BLOCKED,,egress policy: host_not_allowed,UNVERIFIED
NJ Tech Weekly,https://njtechweekly.com,NJ startup press,https://njtechweekly.com/contact-us/,,,6,4,https://anchorforhotels.com/,Anchor for Hotels,Covers NJ-connected founders and startups; interview pitch,5,Verify contact/submission URL and find a named editor email before sending; never use a scraped email list,BLOCKED,,egress policy: host_not_allowed,UNVERIFIED
Failory,https://www.failory.com,Founder interviews,https://www.failory.com/contact,,,6,4,https://anchorforhotels.com/,Anchor for Hotels,Pitch interview or contribute lessons-learned piece,5,Verify contact/submission URL and find a named editor email before sending; never use a scraped email list,BLOCKED,,egress policy: host_not_allowed,UNVERIFIED
Hospitality Net Resource Library,https://www.hospitalitynet.org/library,Resource page,https://www.hospitalitynet.org/contact,,,6,6,https://anchorforhotels.com/missed-call-recovery-hotels,missed call revenue study,Submit whitepaper/ROI study when published,5,Verify contact/submission URL and find a named editor email before sending; never use a scraped email list,BLOCKED,,egress policy: host_not_allowed,UNVERIFIED
Hotel Speak Resource: Direct Bookings,https://www.hotelspeak.com/category/direct-bookings/,Resource page,https://www.hotelspeak.com/contact/,,,6,4,https://anchorforhotels.com/missed-call-recovery-hotels,phone bookings,Pitch inclusion of phone-channel stats in updates,5,Verify contact/submission URL and find a named editor email before sending; never use a scraped email list,BLOCKED,,egress policy: host_not_allowed,UNVERIFIED
Soegjobs Hospitality Blog,https://www.soegjobs.com/blog/,Hospitality careers blog,https://www.soegjobs.com/contact/,,,5,4,https://anchorforhotels.com/hotel-front-desk-overflow.html,front desk staffing,Guest post on staffing shortages and coverage tech,5,Verify contact/submission URL and find a named editor email before sending; never use a scraped email list,BLOCKED,,egress policy: host_not_allowed,UNVERIFIED
Slashdot Software,https://slashdot.org/software/,Software directory,https://slashdot.org,https://sourceforge.net/software/vendors/,,5,3,https://anchorforhotels.com/,Anchor for Hotels,Listing via SourceForge vendor portal,5,Verify contact/submission URL and find a named editor email before sending; never use a scraped email list,BLOCKED,,egress policy: host_not_allowed,UNVERIFIED
SourceForge Business Software,https://sourceforge.net/software/,Software directory,https://sourceforge.net/support,https://sourceforge.net/software/vendors/,,5,3,https://anchorforhotels.com/,Anchor for Hotels,B2B software directory listing,5,Verify contact/submission URL and find a named editor email before sending; never use a scraped email list,200,,,LIVE
Crozdesk,https://crozdesk.com,SaaS directory,https://crozdesk.com/contact,https://vendor.softwareselect.com,,5,3,https://anchorforhotels.com/,Anchor for Hotels,Vendor listing (now SoftwareSelect),5,Verify contact/submission URL and find a named editor email before sending; never use a scraped email list,BLOCKED,,egress policy: host_not_allowed,UNVERIFIED
Launching Next,https://www.launchingnext.com,Startup directory,https://www.launchingnext.com/contact/,https://www.launchingnext.com/submit/,,5,2,https://anchorforhotels.com/,Anchor for Hotels,Free startup submission,5,Verify contact/submission URL and find a named editor email before sending; never use a scraped email list,BLOCKED,,egress policy: host_not_allowed,UNVERIFIED
KillerStartups,https://www.killerstartups.com,Startup directory,https://www.killerstartups.com/contact/,https://www.killerstartups.com/submit-startup/,,5,2,https://anchorforhotels.com/,Anchor for Hotels,Startup profile submission,5,Verify contact/submission URL and find a named editor email before sending; never use a scraped email list,BLOCKED,,egress policy: host_not_allowed,UNVERIFIED
StartupRanking,https://www.startupranking.com,Startup directory,https://www.startupranking.com/contact,https://www.startupranking.com/startup/add,,5,2,https://anchorforhotels.com/,anchorforhotels.com,Free listing,5,Verify contact/submission URL and find a named editor email before sending; never use a scraped email list,BLOCKED,,egress policy: host_not_allowed,UNVERIFIED
Uneed,https://www.uneed.best,Launch directory,https://www.uneed.best,https://www.uneed.best/submit-a-tool,,5,2,https://anchorforhotels.com/,Anchor for Hotels,Daily launch listing,5,Verify contact/submission URL and find a named editor email before sending; never use a scraped email list,BLOCKED,,egress policy: host_not_allowed,UNVERIFIED
SaaS AI Tools,https://saasaitools.com,AI/SaaS directory,https://saasaitools.com,https://saasaitools.com/submit,,5,2,https://anchorforhotels.com/,AI receptionist for hotels,Free AI tool submission,5,Verify contact/submission URL and find a named editor email before sending; never use a scraped email list,BLOCKED,,egress policy: host_not_allowed,UNVERIFIED
AIxploria,https://www.aixploria.com,AI directory,https://www.aixploria.com/en/contact/,https://www.aixploria.com/en/add-ai/,,5,2,https://anchorforhotels.com/hotel-ai-agent.html,AI phone agent,Free listing in voice category,5,Verify contact/submission URL and find a named editor email before sending; never use a scraped email list,BLOCKED,,egress policy: host_not_allowed,UNVERIFIED
Easy With AI,https://easywithai.com,AI directory,https://easywithai.com/contact/,https://easywithai.com/submit-ai-tool/,,5,2,https://anchorforhotels.com/hotel-ai-agent.html,AI receptionist for hotels,Tool submission,5,Verify contact/submission URL and find a named editor email before sending; never use a scraped email list,BLOCKED,,egress policy: host_not_allowed,UNVERIFIED
YP.com (Yellow Pages),https://www.yellowpages.com,Local directory,https://www.yellowpages.com/about/contact-us,https://accounts.yellowpages.com,,5,2,https://anchorforhotels.com/,anchorforhotels.com,Free listing,5,Verify contact/submission URL and find a named editor email before sending; never use a scraped email list,BLOCKED,,egress policy: host_not_allowed,UNVERIFIED
Manta,https://www.manta.com,Business directory,https://www.manta.com/contact-us,https://www.manta.com/claim,,5,2,https://anchorforhotels.com/,Anchor for Hotels,Free SMB listing,5,Verify contact/submission URL and find a named editor email before sending; never use a scraped email list,BLOCKED,,egress policy: host_not_allowed,UNVERIFIED
Chamberofcommerce.com,https://www.chamberofcommerce.com,Business directory,https://www.chamberofcommerce.com,https://business.chamberofcommerce.com,,5,2,https://anchorforhotels.com/,Anchor for Hotels,Directory listing (not an actual chamber),5,Verify contact/submission URL and find a named editor email before sending; never use a scraped email list,BLOCKED,,egress policy: host_not_allowed,UNVERIFIED
Founderoo,https://www.founderoo.co,Founder interviews,https://www.founderoo.co,https://www.founderoo.co,,5,3,https://anchorforhotels.com/,Anchor for Hotels,Founder story + playbook profile,5,Verify contact/submission URL and find a named editor email before sending; never use a scraped email list,BLOCKED,,egress policy: host_not_allowed,UNVERIFIED
CanvasRebel,https://canvasrebel.com,Founder interviews,https://canvasrebel.com/contact/,https://canvasrebel.com/submit/,,5,2,https://anchorforhotels.com/,Anchor for Hotels,Local-founder interview series (Voyage network),5,Verify contact/submission URL and find a named editor email before sending; never use a scraped email list,BLOCKED,,egress policy: host_not_allowed,UNVERIFIED
Bold Journey,https://boldjourney.com,Founder interviews,https://boldjourney.com/contact/,,,5,2,https://anchorforhotels.com/,Anchor for Hotels,Interview series; easy yes,5,Verify contact/submission URL and find a named editor email before sending; never use a scraped email list,BLOCKED,,egress policy: host_not_allowed,UNVERIFIED
GoodFirms,https://www.goodfirms.co,B2B services directory,https://www.goodfirms.co/contact-us,https://www.goodfirms.co/get-listed,,5,2,https://anchorforhotels.com/,Anchor for Hotels,Free listing; AI services category,5,Verify contact/submission URL and find a named editor email before sending; never use a scraped email list,BLOCKED,,egress policy: host_not_allowed,UNVERIFIED
UpCity,https://upcity.com,B2B directory,https://upcity.com/contact,https://upcity.com/get-listed,,5,3,https://anchorforhotels.com/,Anchor for Hotels,B2B provider listing,5,Verify contact/submission URL and find a named editor email before sending; never use a scraped email list,BLOCKED,,egress policy: host_not_allowed,UNVERIFIED
Skift,https://skift.com,Travel publication,https://skift.com/contact/,,,6,9,https://anchorforhotels.com/,Anchor for Hotels,Long-shot: AI in hospitality trend coverage; respond to reporter queries,4,Verify contact/submission URL and find a named editor email before sending; never use a scraped email list,BLOCKED,,egress policy: host_not_allowed,UNVERIFIED
SiteMinder Blog,https://www.siteminder.com/r/,Hotel tech vendor blog,https://www.siteminder.com/contact/,,,6,7,https://anchorforhotels.com/hotel-answering-service,hotel phone bookings,Partner/expert ecosystem content; long-shot collaboration,4,Verify contact/submission URL and find a named editor email before sending; never use a scraped email list,BLOCKED,,egress policy: host_not_allowed,UNVERIFIED
Cloudbeds Blog,https://www.cloudbeds.com/blog/,Hotel tech vendor blog,https://www.cloudbeds.com/contact/,,,6,7,https://anchorforhotels.com/,Anchor for Hotels,Marketplace/partner angle; integration-adjacent content,4,Verify contact/submission URL and find a named editor email before sending; never use a scraped email list,BLOCKED,,egress policy: host_not_allowed,UNVERIFIED
Little Hotelier Blog,https://www.littlehotelier.com/blog/,Small property vendor blog,https://www.littlehotelier.com,,,6,7,https://anchorforhotels.com/phone-coverage-independent-hotels,independent hotel phone coverage,Small-property audience overlap; expert quote pitch,4,Verify contact/submission URL and find a named editor email before sending; never use a scraped email list,BLOCKED,,egress policy: host_not_allowed,UNVERIFIED
WebRezPro Blog,https://www.webrezpro.com/blog/,Hotel PMS vendor blog,https://www.webrezpro.com/contact/,,,6,6,https://anchorforhotels.com/,Anchor for Hotels,Guest post swap on front desk efficiency,4,Verify contact/submission URL and find a named editor email before sending; never use a scraped email list,BLOCKED,,egress policy: host_not_allowed,UNVERIFIED
AL.com Business,https://www.al.com/business/,Local press,https://www.al.com/contact-us/,,,6,7,https://anchorforhotels.com/,Anchor for Hotels,Pitch local-startup story,4,Verify contact/submission URL and find a named editor email before sending; never use a scraped email list,BLOCKED,,egress policy: host_not_allowed,UNVERIFIED
Hotel-Industry.co.uk,https://www.hotel-industry.co.uk,Hospitality publication,https://www.hotel-industry.co.uk/contact/,,,5,5,https://anchorforhotels.com/hotel-answering-service,hotel answering service,UK hotel leaders blog; accepts expert columns,4,Verify contact/submission URL and find a named editor email before sending; never use a scraped email list,BLOCKED,,egress policy: host_not_allowed,UNVERIFIED
Lure Agency Blog,https://lureagency.com/blog/,Hospitality B2B marketing blog,https://lureagency.com/contact/,,,5,4,https://anchorforhotels.com/,Anchor for Hotels,Hospitality sales/marketing audience; podcast + guest post,4,Verify contact/submission URL and find a named editor email before sending; never use a scraped email list,BLOCKED,,egress policy: host_not_allowed,UNVERIFIED
Travelboom Hotel Marketing Blog,https://www.travelboommarketing.com/blog/,Hotel marketing blog,https://www.travelboommarketing.com/contact/,,,5,5,https://anchorforhotels.com/missed-call-recovery-hotels,missed call recovery,Pitch data piece on phone channel conversion,4,Verify contact/submission URL and find a named editor email before sending; never use a scraped email list,BLOCKED,,egress policy: host_not_allowed,UNVERIFIED
Birmingham Business Alliance,https://www.birminghambusinessalliance.com,Chamber of commerce,https://www.birminghambusinessalliance.com/contact/,,,5,4,https://anchorforhotels.com/,Anchor for Hotels,State-metro chamber directory,4,Verify contact/submission URL and find a named editor email before sending; never use a scraped email list,BLOCKED,,egress policy: host_not_allowed,UNVERIFIED
NJBIA,https://njbia.org,NJ business association,https://njbia.org/contact/,,,5,4,https://anchorforhotels.com/,Anchor for Hotels,NJ business directory + newsletter,4,Verify contact/submission URL and find a named editor email before sending; never use a scraped email list,BLOCKED,,egress policy: host_not_allowed,UNVERIFIED
ROI-NJ,https://www.roi-nj.com,NJ business press,https://www.roi-nj.com/contact/,,,5,6,https://anchorforhotels.com/,Anchor for Hotels,NJ business/startup coverage pitch,4,Verify contact/submission URL and find a named editor email before sending; never use a scraped email list,BLOCKED,,egress policy: host_not_allowed,UNVERIFIED
Boostly Podcast,https://boostly.co.uk/podcast,Podcast,https://boostly.co.uk/contact,,,5,3,https://anchorforhotels.com/,Anchor for Hotels,Direct-booking audience (STR-leaning); phone channel angle,4,Verify contact/submission URL and find a named editor email before sending; never use a scraped email list,BLOCKED,,egress policy: host_not_allowed,UNVERIFIED
Behind the Stays,https://www.behindthestays.com,Podcast,https://www.behindthestays.com,,,5,4,https://anchorforhotels.com/,Anchor for Hotels,Founder storytelling in lodging,4,Verify contact/submission URL and find a named editor email before sending; never use a scraped email list,BLOCKED,,egress policy: host_not_allowed,UNVERIFIED
Travel Market Life,https://travelmarket.life,Podcast,https://travelmarket.life,,,5,4,https://anchorforhotels.com/,Anchor for Hotels,Hospitality tech adoption topics,4,Verify contact/submission URL and find a named editor email before sending; never use a scraped email list,ERR,,ConnectionError,UNVERIFIED
Hotel Effectiveness Blog (Actabl),https://www.actabl.com/resources,Resource page,https://www.actabl.com/contact,,,5,6,https://anchorforhotels.com/hotel-front-desk-overflow.html,front desk labor coverage,Labor-management audience; quote/contribution pitch,4,Verify contact/submission URL and find a named editor email before sending; never use a scraped email list,BLOCKED,,egress policy: host_not_allowed,UNVERIFIED
Xotels Glossary/Blog,https://www.xotels.com/en/glossary,Resource page,https://www.xotels.com/en/contact,,,5,5,https://anchorforhotels.com/hotel-answering-service,hotel phone answering,Glossary/encyclopedia citation pitch,4,Verify contact/submission URL and find a named editor email before sending; never use a scraped email list,BLOCKED,,egress policy: host_not_allowed,UNVERIFIED
Reddit r/askhotels (profile link only),https://www.reddit.com/r/askhotels/,Community,,,,5,2,https://anchorforhotels.com/,anchorforhotels.com,"No link drops; build profile, answer operator questions, link in profile only",4,Verify contact/submission URL and find a named editor email before sending; never use a scraped email list,BLOCKED,,egress policy: host_not_allowed,UNVERIFIED
StartupBase,https://startupbase.io,Startup directory,https://startupbase.io,https://startupbase.io/submit,,4,2,https://anchorforhotels.com/,Anchor for Hotels,Free submission,4,Verify contact/submission URL and find a named editor email before sending; never use a scraped email list,BLOCKED,,egress policy: host_not_allowed,UNVERIFIED
Fazier,https://fazier.com,Launch directory,https://fazier.com,https://fazier.com/submit,,4,2,https://anchorforhotels.com/,Anchor for Hotels,Launch listing + badge link,4,Verify contact/submission URL and find a named editor email before sending; never use a scraped email list,BLOCKED,,egress policy: host_not_allowed,UNVERIFIED
MicroLaunch,https://microlaunch.net,Launch directory,https://microlaunch.net,https://microlaunch.net,,4,2,https://anchorforhotels.com/,Anchor for Hotels,Monthly launch cohort listing,4,Verify contact/submission URL and find a named editor email before sending; never use a scraped email list,BLOCKED,,egress policy: host_not_allowed,UNVERIFIED
Peerlist Launchpad,https://peerlist.io/launchpad,Launch directory,https://peerlist.io,https://peerlist.io/launchpad,,4,2,https://anchorforhotels.com/,Anchor for Hotels,Weekly launch listing,4,Verify contact/submission URL and find a named editor email before sending; never use a scraped email list,BLOCKED,,egress policy: host_not_allowed,UNVERIFIED
Insidr.ai,https://www.insidr.ai,AI directory,https://www.insidr.ai/contact/,https://www.insidr.ai/submit-tools/,,4,2,https://anchorforhotels.com/hotel-ai-agent.html,AI phone answering tool,Tool submission,4,Verify contact/submission URL and find a named editor email before sending; never use a scraped email list,BLOCKED,,egress policy: host_not_allowed,UNVERIFIED
AI Tools Directory,https://aitoolsdirectory.com,AI directory,https://aitoolsdirectory.com,https://aitoolsdirectory.com/submit-tool,,4,2,https://anchorforhotels.com/hotel-ai-agent.html,AI hotel phone agent,Free/paid submission,4,Verify contact/submission URL and find a named editor email before sending; never use a scraped email list,BLOCKED,,egress policy: host_not_allowed,UNVERIFIED
AI Scout,https://aiscout.net,AI directory,https://aiscout.net,https://aiscout.net/submit-ai-tool/,,4,2,https://anchorforhotels.com/hotel-ai-agent.html,AI receptionist,Free submission,4,Verify contact/submission URL and find a named editor email before sending; never use a scraped email list,BLOCKED,,egress policy: host_not_allowed,UNVERIFIED
OpenTools,https://opentools.ai,AI directory,https://opentools.ai,https://opentools.ai/submit,,4,2,https://anchorforhotels.com/hotel-ai-agent.html,AI phone agent,Free submission,4,Verify contact/submission URL and find a named editor email before sending; never use a scraped email list,BLOCKED,,egress policy: host_not_allowed,UNVERIFIED
Hotfrog,https://www.hotfrog.com,Business directory,https://www.hotfrog.com,https://www.hotfrog.com/add-your-business,,4,2,https://anchorforhotels.com/,anchorforhotels.com,Free listing,4,Verify contact/submission URL and find a named editor email before sending; never use a scraped email list,BLOCKED,,egress policy: host_not_allowed,UNVERIFIED
Brownbook,https://www.brownbook.net,Business directory,https://www.brownbook.net/contact-us/,https://www.brownbook.net/add-business/,,4,2,https://anchorforhotels.com/,anchorforhotels.com,Free listing,4,Verify contact/submission URL and find a named editor email before sending; never use a scraped email list,BLOCKED,,egress policy: host_not_allowed,UNVERIFIED
Cylex US,https://www.cylex.us.com,Business directory,https://www.cylex.us.com,https://www.cylex.us.com/registration,,4,2,https://anchorforhotels.com/,anchorforhotels.com,Free listing,4,Verify contact/submission URL and find a named editor email before sending; never use a scraped email list,BLOCKED,,egress policy: host_not_allowed,UNVERIFIED
MerchantCircle,https://www.merchantcircle.com,Business directory,https://www.merchantcircle.com,https://www.merchantcircle.com/signup,,4,2,https://anchorforhotels.com/,anchorforhotels.com,Free listing,4,Verify contact/submission URL and find a named editor email before sending; never use a scraped email list,BLOCKED,,egress policy: host_not_allowed,UNVERIFIED
EZlocal,https://ezlocal.com,Business directory,https://ezlocal.com/contact,https://ezlocal.com/add-business,,4,2,https://anchorforhotels.com/,anchorforhotels.com,Free listing,4,Verify contact/submission URL and find a named editor email before sending; never use a scraped email list,BLOCKED,,egress policy: host_not_allowed,UNVERIFIED
Lodging Lytes,https://lodginglytes.com,Podcast,https://lodginglytes.com,,,4,3,https://anchorforhotels.com/,Anchor for Hotels,Emerging show; easy booking,4,Verify contact/submission URL and find a named editor email before sending; never use a scraped email list,ERR,,ConnectionError,UNVERIFIED
Hotel Spider Blog,https://www.hotel-spider.com/blog,Hotel tech blog,https://www.hotel-spider.com/contact,,,4,4,https://anchorforhotels.com/hotel-answering-service,hotel answering service,Accepts collaborative content,4,Verify contact/submission URL and find a named editor email before sending; never use a scraped email list,BLOCKED,,egress policy: host_not_allowed,UNVERIFIED
DesignRush,https://www.designrush.com,B2B directory,https://www.designrush.com/contact,https://www.designrush.com/agency/get-listed,,4,3,https://anchorforhotels.com/,Anchor for Hotels,Agency/tech directory listing,4,Verify contact/submission URL and find a named editor email before sending; never use a scraped email list,BLOCKED,,egress policy: host_not_allowed,UNVERIFIED
The Org,https://theorg.com,Company directory,https://theorg.com,https://theorg.com/claim,,4,2,https://anchorforhotels.com/,Anchor for Hotels,Org chart/company profile,4,Verify contact/submission URL and find a named editor email before sending; never use a scraped email list,BLOCKED,,egress policy: host_not_allowed,UNVERIFIED
Owler,https://www.owler.com,Company database,https://www.owler.com,https://www.owler.com/claim,,4,2,https://anchorforhotels.com/,Anchor for Hotels,Claim company profile,4,Verify contact/submission URL and find a named editor email before sending; never use a scraped email list,BLOCKED,,egress policy: host_not_allowed,UNVERIFIED
Medium publication (Hospitality),https://medium.com,Content platform,https://medium.com,https://medium.com/new-story,,4,2,https://anchorforhotels.com/,Anchor for Hotels,Canonical-tagged republishing for reach,4,Verify contact/submission URL and find a named editor email before sending; never use a scraped email list,BLOCKED,,egress policy: host_not_allowed,UNVERIFIED
Quora Spaces (Hospitality),https://www.quora.com,Q&A platform,,,,4,2,https://anchorforhotels.com/hotel-answering-service,hotel answering service,Answer operator questions; link only when directly useful,4,Verify contact/submission URL and find a named editor email before sending; never use a scraped email list,BLOCKED,,egress policy: host_not_allowed,UNVERIFIED
SourceBottle,https://www.sourcebottle.com,Journalist queries,https://www.sourcebottle.com,https://www.sourcebottle.com/source.asp,,4,2,https://anchorforhotels.com/,Anchor for Hotels,Secondary expert-quote channel,4,Verify contact/submission URL and find a named editor email before sending; never use a scraped email list,BLOCKED,,egress policy: host_not_allowed,UNVERIFIED
EIN Presswire (paid),https://www.einpresswire.com,Press release site,https://www.einpresswire.com/contact,https://www.einpresswire.com,,4,2,https://anchorforhotels.com/,anchorforhotels.com,Paid distribution for milestone announcements,4,Verify contact/submission URL and find a named editor email before sending; never use a scraped email list,BLOCKED,,egress policy: host_not_allowed,UNVERIFIED
Mews Blog,https://www.mews.com/en/blog,Hotel PMS vendor blog,https://www.mews.com/en/contact,,,5,8,https://anchorforhotels.com/,Anchor for Hotels,Long-shot; marketplace listing if integration ships,3,Verify contact/submission URL and find a named editor email before sending; never use a scraped email list,BLOCKED,,egress policy: host_not_allowed,UNVERIFIED
StackShare,https://stackshare.io,Tech stack directory,https://stackshare.io,,,4,3,https://anchorforhotels.com/,Anchor for Hotels,Tool profile; low priority,3,Verify contact/submission URL and find a named editor email before sending; never use a scraped email list,BLOCKED,,egress policy: host_not_allowed,UNVERIFIED
Hospitality Hangout,https://thedigitalrestaurant.com/hospitality-hangout/,Podcast,https://thedigitalrestaurant.com/contact/,,,4,5,https://anchorforhotels.com/,Anchor for Hotels,Broader hospitality; backup target,3,Verify contact/submission URL and find a named editor email before sending; never use a scraped email list,BLOCKED,,egress policy: host_not_allowed,UNVERIFIED
StayNTouch Resources,https://www.stayntouch.com/resources/,Resource page,https://www.stayntouch.com/contact/,,,4,6,https://anchorforhotels.com/,Anchor for Hotels,Partner content long-shot,3,Verify contact/submission URL and find a named editor email before sending; never use a scraped email list,BLOCKED,,egress policy: host_not_allowed,UNVERIFIED
Cvent Supplier Network Blog,https://www.cvent.com/en/blog,Resource page,https://www.cvent.com/en/contact,,,4,8,https://anchorforhotels.com/,Anchor for Hotels,Group-business angle; long-shot,3,Verify contact/submission URL and find a named editor email before sending; never use a scraped email list,BLOCKED,,egress policy: host_not_allowed,UNVERIFIED
SBA / SCORE Huntsville,https://www.score.org/huntsville,Local resource,https://www.score.org/huntsville,,,4,3,https://anchorforhotels.com/,Anchor for Hotels,Client success story potential + local profile,3,Verify contact/submission URL and find a named editor email before sending; never use a scraped email list,BLOCKED,,egress policy: host_not_allowed,UNVERIFIED
PitchBook profile (via inbound),https://pitchbook.com,Company database,https://pitchbook.com/contact,,,4,3,https://anchorforhotels.com/,Anchor for Hotels,Ensure accurate company data; nofollow but authority/AI-visibility,3,Verify contact/submission URL and find a named editor email before sending; never use a scraped email list,BLOCKED,,egress policy: host_not_allowed,UNVERIFIED
The Hotels Network Blog,https://blog.thehotelsnetwork.com,Hotel tech blog,https://thehotelsnetwork.com/en/contact,,,4,6,https://anchorforhotels.com/missed-call-recovery-hotels,direct booking phone calls,Direct-booking audience; data collab pitch,3,Verify contact/submission URL and find a named editor email before sending; never use a scraped email list,BLOCKED,,egress policy: host_not_allowed,UNVERIFIED
AI Top Rank,https://aitoprank.com,AI directory,https://aitoprank.com,https://aitoprank.com,,3,2,https://anchorforhotels.com/hotel-ai-agent.html,AI answering service,Free submission,3,Verify contact/submission URL and find a named editor email before sending; never use a scraped email list,BLOCKED,,egress policy: host_not_allowed,UNVERIFIED
Nextdoor Business,https://business.nextdoor.com,Local network,https://business.nextdoor.com,https://business.nextdoor.com,,3,2,https://anchorforhotels.com/,Anchor for Hotels,Local presence; low B2B value,3,Verify contact/submission URL and find a named editor email before sending; never use a scraped email list,BLOCKED,,egress policy: host_not_allowed,UNVERIFIED
Pump It Up Magazine / local features,https://pumpitupmagazine.com,Founder interviews,https://pumpitupmagazine.com/contact/,,,3,3,https://anchorforhotels.com/,Anchor for Hotels,Backup interview target,3,Verify contact/submission URL and find a named editor email before sending; never use a scraped email list,BLOCKED,,egress policy: host_not_allowed,UNVERIFIED
Texas Travel Alliance vendor,https://www.traveltexas.com,Tourism association,https://www.traveltexas.com,,,3,5,https://anchorforhotels.com/,Anchor for Hotels,Backup association target,3,Verify contact/submission URL and find a named editor email before sending; never use a scraped email list,BLOCKED,,egress policy: host_not_allowed,UNVERIFIED
PRLog (free PR),https://www.prlog.org,Press release site,https://www.prlog.org/contact.html,https://www.prlog.org/pub/,,3,1,https://anchorforhotels.com/,anchorforhotels.com,"Free PR distribution for launches; low value, zero cost",3,Verify contact/submission URL and find a named editor email before sending; never use a scraped email list,BLOCKED,,egress policy: host_not_allowed,UNVERIFIED
EU Startups / US equivalents - skip,https://www.eu-startups.com,Startup press,https://www.eu-startups.com/contact/,,,2,4,https://anchorforhotels.com/,Anchor for Hotels,Skip unless EU expansion; placeholder low priority,2,Verify contact/submission URL and find a named editor email before sending; never use a scraped email list,BLOCKED,,egress policy: host_not_allowed,UNVERIFIED
